{" ": 1, "e": 2, "o": 3, "a": 4, "t": 5, "s": 6, "r": 7, "n": 8, "i": 9, "h": 10, "\n": 11, "l": 12, "d": 13, "g": 14, "c": 15, "u": 16, "p": 17, ".": 18, "w": 19, "m": 20, "f": 21, "b": 22, "y": 23, ">": 24, "T": 25, "k": 26, "v": 27, ",": 28, "A": 29, "R": 30, "Y": 31, "D": 32, "C": 33, ":": 34, "-": 35, "O": 36, "F": 37, "M": 38, "j": 39, "x": 40, "z": 41, "S": 42, "L": 43, "B": 44, "I": 45, "(": 46, ")": 47, "\"": 48, "q": 49, "E": 50, "H": 51, "W": 52, "'": 53, "P": 54, "K": 55, "3": 56, "!": 57, "G": 58, "1": 59, "#": 60, "U": 61, "9": 62, "8": 63, "N": 64, "6": 65, "V": 66, "Z": 67, "4": 68, "0": 69, "2": 70, "/": 71, "5": 72, ";": 73, "7": 74, "?": 75}