{" ": 1, "e": 2, "t": 3, "a": 4, "o": 5, "n": 6, "i": 7, "s": 8, "r": 9, "h": 10, "l": 11, "d": 12, "u": 13, "m": 14, "c": 15, "y": 16, "g": 17, "w": 18, "f": 19, "p": 20, ".": 21, "b": 22, "v": 23, "I": 24, ",": 25, "k": 26, "\t": 27, "\n": 28, "'": 29, "A": 30, "T": 31, "B": 32, "J": 33, "C": 34, "M": 35, "W": 36, "S": 37, "E": 38, "H": 39, "G": 40, "D": 41, "-": 42, "j": 43, "x": 44, "F": 45, "L": 46, "R": 47, "P": 48, "z": 49, "N": 50, "Y": 51, "q": 52, "O": 53, ";": 54, "K": 55, "0": 56, "V": 57, "?": 58, "1": 59, ":": 60, "U": 61, "!": 62, "2": 63, "9": 64, "5": 65, "3": 66, "Z": 67, "4": 68, "6": 69, "8": 70, "7": 71, "Q": 72, "X": 73, "%": 74, "$": 75, "/": 76, ")": 77, "&": 78, "(": 79, "£": 80, "+": 81, "*": 82, "\"": 83, "#": 84, "’": 85, "—": 86, "=": 87}