{" ": 1, "e": 2, "o": 3, "t": 4, "a": 5, "n": 6, "i": 7, "\n": 8, "r": 9, "s": 10, "h": 11, "l": 12, "d": 13, "u": 14, "y": 15, "m": 16, "g": 17, "w": 18, ",": 19, "c": 20, "f": 21, "b": 22, "p": 23, "I": 24, "k": 25, "'": 26, "v": 27, "[": 28, "]": 29, "A": 30, "C": 31, "T": 32, "B": 33, "V": 34, "O": 35, "-": 36, "H": 37, "W": 38, "S": 39, "M": 40, "!": 41, "R": 42, "G": 43, "D": 44, "1": 45, "2": 46, "F": 47, "x": 48, "Y": 49, "?": 50, "P": 51, "L": 52, "N": 53, "E": 54, "(": 55, ")": 56, ".": 57, "z": 58, "j": 59, "3": 60, "J": 61, ":": 62, "K": 63, "\"": 64, "q": 65, "U": 66, "0": 67, "4": 68, "6": 69, "5": 70, "7": 71, "9": 72, "&": 73, "8": 74, ";": 75, "/": 76, "Z": 77, "Q": 78}