{" ": 1, "e": 2, "t": 3, "a": 4, "o": 5, "i": 6, "n": 7, "s": 8, "r": 9, "h": 10, "l": 11, "d": 12, "u": 13, "c": 14, "m": 15, "y": 16, "f": 17, "g": 18, "w": 19, "p": 20, "b": 21, ".": 22, "v": 23, ",": 24, "k": 25, "'": 26, "I": 27, "T": 28, "A": 29, "-": 30, "S": 31, "W": 32, "x": 33, "B": 34, "?": 35, "C": 36, "0": 37, "P": 38, "j": 39, "H": 40, "N": 41, "1": 42, "D": 43, "M": 44, "U": 45, "z": 46, "Y": 47, "O": 48, ":": 49, "L": 50, "E": 51, "R": 52, "q": 53, "2": 54, "F": 55, "G": 56, "J": 57, "\"": 58, "9": 59, "5": 60, "4": 61, "3": 62, "8": 63, "7": 64, "K": 65, "\n": 66, "6": 67, ";": 68, "V": 69, "%": 70, "!": 71, "$": 72, ")": 73, "(": 74, "*": 75, "[": 76, "]": 77, "_": 78, "Q": 79, "/": 80, "Z": 81, "#": 82, "&": 83, "X": 84, "+": 85, "@": 86, "=": 87, "~": 88}