{" ": 1, "e": 2, "t": 3, "a": 4, "o": 5, "n": 6, "r": 7, "i": 8, "h": 9, "s": 10, "d": 11, "l": 12, "u": 13, "g": 14, "y": 15, "w": 16, "m": 17, "c": 18, "f": 19, ".": 20, ",": 21, "p": 22, "\"": 23, "\n": 24, "b": 25, "k": 26, "v": 27, "H": 28, "'": 29, "I": 30, "-": 31, "T": 32, "S": 33, "M": 34, "?": 35, "W": 36, "D": 37, "R": 38, "A": 39, "P": 40, "!": 41, "x": 42, "B": 43, "G": 44, "C": 45, "N": 46, "j": 47, "Y": 48, "L": 49, "F": 50, "z": 51, "O": 52, "E": 53, ";": 54, "q": 55, "V": 56, "U": 57, "K": 58, ":": 59, "Q": 60, "J": 61, "1": 62, "*": 63, ")": 64, "(": 65, "2": 66, "3": 67, "4": 68, "0": 69, "X": 70, "5": 71, "9": 72, "6": 73, "Z": 74, "8": 75, "7": 76, "_": 77, "`": 78, "/": 79, "=": 80, "\\": 81, "%": 82, "$": 83, "]": 84, "&": 85, "~": 86, "^": 87, "}": 88, "{": 89, "[": 90, ">": 91, "\u001f": 92}